comment_id,customer_name,comment_text,category,suggested_reply,needs_human_review
1,Ayesha,"What are your prices for a birthday cake?",,,
2,Bilal,"This place is amazing!! Best cupcakes in town",,,
3,Sana,"I ordered yesterday and it was 2 hours late, very disappointed",,,
4,Tariq,"Do you deliver to Model Town?",,,
5,Zara,"Check my page for cheap followers!!",,,
6,Hassan,"Absolutely horrible service, never ordering again, waste of money",,,
7,Mahnoor,"Can I get eggless cake for tomorrow?",,,
8,Usman,"Love the new packaging, so cute",,,
9,Fatima,"The cake I got was stale and tasted bad, I want a refund now",,,
10,Ali,"What time do you close today?",,,
11,Nimra,"Best bakery ever, ordering again for sure",,,
12,Kamran,"Do you have sugar free options?",,,
13,Sara,"Visit my profile for a free giveaway",,,
14,Ahmed,"Is delivery free above a certain amount?",,,
15,Iqra,"Your staff was so rude to me on the phone yesterday",,,
16,Bilquis,"Can you make a cake with photo printing?",,,
17,Faisal,"Great quality, will recommend to friends",,,
18,Hina,"How many days advance notice for a wedding cake?",,,
19,Rizwan,"This is a scam, they never delivered my order and won't answer calls",,,
20,Sadia,"What flavors do you have available?",,,
21,Junaid,"Cute shop, great vibes, loved visiting",,,
22,Mehwish,"Do you accept JazzCash?",,,
23,Owais,"Click here for a free prize",,,
24,Rabia,"I've been waiting 3 days for a reply to my message, is anyone managing this page?",,,
25,Tahir,"Amazing cake for my daughter's birthday, thank you so much",,,
26,Nadia,"Do you have a branch near DHA?",,,
27,Salman,"The cake was completely different from what I ordered, very upset",,,
28,Amina,"Can I customize the size for 20 people?",,,
29,Waqas,"Great experience every time I order",,,
30,Hira,"I want to cancel my order, is that possible?",,,
31,Adeel,"Follow back for follow, check bio",,,
32,Sobia,"How much for a box of 12 cookies?",,,
33,Farhan,"My card was charged twice for one order, please fix this",,,
34,Alina,"So happy with the cake, exceeded expectations",,,
35,Danish,"Do you offer gluten free bread?",,,
36,Sumaira,"Your delivery guy was very unprofessional and rude",,,
37,Imran,"What's the price for a 2 pound chocolate cake?",,,
38,Zainab,"Beautiful decoration, love your work",,,
39,Kashif,"This page is fake, don't trust them, I never got my order",,,
40,Sania,"Can I pay on delivery?",,,
